ValidTime,APCP6hr_surface_25% level,APCP6hr_surface_75% level,APCP6hr_surface_50% level,APCP24hr_surface_25% level,APCP24hr_surface_75% level,APCP24hr_surface_50% level,APTMP_2 m above ground,ASNOW24hr_surface_25% level,ASNOW24hr_surface_50% level,ASNOW24hr_surface_75% level,ASNOW6hr_surface_25% level,ASNOW6hr_surface_50% level,ASNOW6hr_surface_75% level,DPT_2 m above ground,DPT_2 m above ground_ens std dev,GUST_10 m above ground_ens std dev,SNOWLR_surface_25% level,SNOWLR_surface_50% level,SNOWLR_surface_75% level,SNOWLVL_surface_25% level,SNOWLVL_surface_50% level,SNOWLVL_surface_75% level,TMP_2 m above ground,TMP_2 m above ground_ens std dev,TMP_Max_2 m above ground_25% level,TMP_Max_2 m above ground_50% level,TMP_Max_2 m above ground_75% level,TMP_Min_2 m above ground_25% level,TMP_Min_2 m above ground_50% level,TMP_Min_2 m above ground_75% level,WDIR_80 m above ground,WIND_10 m above ground,WIND_10 m above ground_ens mean,WIND_10 m above ground_ens std dev,TCDC_surface,TCDC_surface_ens std dev
2025102207,,,,,,,,,,,,,,,,0.981538,,,,,,,,,,,,,,,,,1.2,0.4,,
2025102208,,,,,,,,,,,,,,,,0.977114,,,,,,,,,,,,,,,,,1.2,0.4,,
2025102209,,,,,,,,,,,,,,,,0.600228,,,,,,,,,,,,,,,,,1.2,0.4,,
2025102210,,,,,,,,,,,,,,,,0.974876,,,,,,,,,,,,,,,,,1.2,0.4,,
2025102211,,,,,,,,,,,,,,,,0.940496,,,,,,,,,,,,,,,,,1.2,0.4,,
2025102212,,,,,,,,,,,,,,,,0.977325,,,,,,,,,,,,,,,,,1.2,0.4,,
2025102213,,,,,,,,,,,,,,,,1.03816,,,,,,,,,,,,,,,,,1.2,0.4,,
2025102214,,,,,,,280.69,,,,,,,279.83,0.95,1.00305,0,0.1,0.2,2288,2344,2392,281.42,0.98,,,,,,,170,1.6,1.6,0.4,69,28
2025102215,,,,,,,280.01,,,,,,,280.02,0.95,1.08755,0,0.2,0.3,2280,2344,2408,281.29,0.95,,,,,,,180,2,2.00376,0.423987,75,27
2025102216,,,,,,,280.79,,,,,,,280.42,0.86,1.10524,0.2,0.3,0.4,2240,2288,2312,282.24,0.92,,,,,,,170,2.4,2.4081,0.441357,73,22
2025102217,,,,,,,283.46,,,,,,,280.96,0.89,1.46868,0.5,0.6,0.6,2184,2216,2248,283.72,0.96,,,,,,,170,2.8,2.80161,0.81127,64,27
2025102218,,,,,,,285.55,,,,,,,281.36,0.92,1.54266,0.6,0.7,0.8,2128,2176,2208,285.57,0.93,,,,,,,180,3.2,3.20464,0.827958,56,32
2025102219,,,,,,,287,,,,,,,281.96,0.85,1.55048,0.8,0.9,1,2080,2128,2160,287.07,0.85,,,,,,,200,3.6,3.60001,0.800156,61,26
2025102220,,,,,,,288.34,,,,,,,282.7,0.81,1.98934,1,1.1,1.3,2024,2064,2104,288.06,0.81,,,,,,,200,4,4.00102,0.809847,75,17
2025102221,,,,,,,288.87,,,,,,,283.65,0.9,2.40498,1.2,1.3,1.5,1968,2016,2056,288.84,0.9,,,,,,,210,4.4,4.41423,1.30965,82,12
2025102222,,,,,,,289.04,,,,,,,284.32,0.92,2.0266,1.4,1.5,1.7,1928,1984,2024,289.08,0.93,,,,,,,210,4.8,4.4218,1.30616,64,19
2025102223,,,,,,,289.07,,,,,,,285.13,1.15,2.03335,1.5,1.6,1.9,1880,1944,1976,288.76,1.14,,,,,,,210,4.4,4.4,1.2,63,29
2025102300,,,,,,,288.17,,,,0,0,0,285.49,0.95,2.00014,1.7,1.8,2,1824,1896,1944,288.21,0.95,,,,,,,200,4,4,1.2,53,29
2025102301,,,,,,,287.74,,,,,,,285.51,0.78,1.58575,1.7,1.9,2,1752,1832,1880,287.95,0.81,,,,,,,200,4,4,0.8,50,29
2025102302,,,,,,,287.2,,,,,,,285.11,0.77,1.63574,1.8,1.9,2.1,1696,1760,1808,287.29,0.77,,,,,,,200,3.6,3.6,0.8,46,29
2025102303,,,,,,,286.88,,,,,,,284.91,0.71,1.6907,1.8,1.9,2.1,1632,1680,1752,286.82,0.73,,,,,,,210,3.6,3.2,0.8,38,34
2025102304,,,,,,,286.12,,,,,,,284.32,0.58,1.60747,1.8,1.9,2.1,1584,1640,1712,286.01,0.63,,,,,,,200,3.6,3.6,0.8,51,30
2025102305,,,,,,,286.03,,,,,,,284.27,0.5,1.60695,1.8,2,2.1,1536,1608,1672,285.71,0.72,,,,,,,200,3.6,3.6,0.8,52,30
2025102306,,,,,,,285.76,,,,0,0,0,284.15,0.4,1.63315,1.8,2,2.1,1496,1568,1640,285.6,0.65,289.672,290.587,291.39,289.672,290.587,291.39,180,3.6,3.6,0.8,57,32
2025102307,,,,,,,285.58,,,,,,,283.86,0.41,1.55245,1.9,2,2.2,1504,1560,1640,285.53,0.69,,,,,,,180,3.6,3.6,0.8,63,25
2025102308,,,,,,,285.16,,,,,,,283.63,0.39,1.52997,1.9,2.1,2.2,1488,1552,1640,285.17,0.7,,,,,,,170,3.6,3.6,0.8,83,14
2025102309,,,,,,,285.05,,,,,,,283.59,0.43,1.5415,2,2.1,2.3,1464,1552,1624,285.05,0.71,,,,,,,170,3.2,3.2,0.8,81,25
2025102310,,,,,,,285.17,,,,,,,283.62,0.34,1.50252,2,2.1,2.3,1488,1568,1640,285.11,0.71,,,,,,,170,3.2,3.2,0.8,83,16
2025102311,,,,,,,284.91,,,,,,,283.41,0.41,1.46774,2,2.1,2.3,1496,1584,1672,284.88,0.78,,,,,,,160,3.2,3.2,0.8,90,10
2025102312,,,3.195,,,3.195,284.8,,,,0,0,0,283.17,0.41,1.45158,2,2.1,2.3,1488,1600,1712,284.97,0.83,,,,,,,160,2.8,2.8,0.8,89,8
2025102313,,,,,,,284.61,,,,,,,282.76,0.47,1.47452,1.8,2,2.1,1520,1640,1744,284.65,0.79,,,,,,,160,2.8,2.8,0.8,91,7
2025102314,,,,,,,284.5,,,,,,,282.72,0.55,1.46197,1.7,1.8,2,1552,1680,1792,284.69,0.85,,,,,,,160,2.8,2.8,0.8,93,8
2025102315,,,,,,,284.26,,,,,,,282.85,0.68,1.14872,1.5,1.7,2,1568,1728,1832,284.27,0.97,,,,,,,170,2.8,2.8,0.8,66,29
2025102316,,,,,,,284.73,,,,,,,283.17,0.63,1.10385,1.3,1.6,1.8,1632,1776,1904,285.05,0.98,,,,,,,170,2.8,2.8,0.8,50,35
2025102317,,,,,,,285.78,,,,,,,283.19,0.69,1.06589,1.2,1.4,1.7,1688,1816,1976,286.03,1.1,,,,,,,180,3.2,3.2,0.8,54,28
2025102318,,,3.441,,,3.441,287.03,0,0,0,0,0,0,283.66,0.7,1.16575,1.1,1.3,1.6,1760,1896,2040,286.94,1.16,,,,,,,180,3.2,3.2,0.8,64,30
2025102319,,,,,,,287.91,,,,,,,283.99,0.79,1.12273,1,1.2,1.5,1760,1928,2048,287.88,1.2,,,,,,,190,3.6,3.20001,0.800097,78,23
2025102320,,,,,,,288.55,,,,,,,284.01,0.86,1.18375,1,1.1,1.4,1768,1952,2056,288.35,1.14,,,,,,,190,3.6,3.60201,0.8185,82,16
2025102321,,,,,,,289.09,,,,,,,284.17,0.96,1.16267,0.9,1,1.2,1800,1952,2096,289.28,1.11,,,,,,,190,3.6,3.6,0.8,72,23
2025102322,,,,,,,289.88,,,,,,,283.93,0.9,1.17083,0.8,1,1.2,1832,1960,2056,289.59,1.1,,,,,,,200,3.6,3.6,0.8,71,18
2025102323,,,,,,,289.68,,,,,,,283.81,1.12,1.56846,0.8,1,1.2,1840,1944,2064,289.74,1.11,,,,,,,200,3.2,3.2,0.8,88,11
2025102400,,,2.073,,,2.073,289.52,0,0,0,0,0,0,283.78,0.97,1.59381,0.7,1,1.2,1824,1960,2072,289.44,0.99,,,,,,,200,2.8,2.8,0.8,91,12
2025102401,,,,,,,289.35,,,,,,,283.8,0.87,1.56102,0.7,1,1.3,1808,1928,2032,289.24,1,,,,,,,170,2.8,2.8,0.8,80,12
2025102402,,,,,,,,,,,,,,,,1.60171,,,,,,,,,,,,,,,,,2.8,1.2,,
2025102403,,,,,,,287.94,,,,,,,283.25,0.75,1.93683,0.8,1,1.3,1808,1864,1968,288,0.74,,,,,,,170,3.2,3.2,1.2,76,15
2025102404,,,,,,,,,,,,,,,,2.302,,,,,,,,,,,,,,,,,3.6,1.2,,
2025102405,,,,,,,,,,,,,,,,2.34707,,,,,,,,,,,,,,,,,4,1.6,,
2025102406,,,,,,,287.32,0,0,0,0,0,0,282.52,0.95,2.70116,0.8,1.1,1.5,1728,1832,1992,287.32,0.95,289.634,290.113,290.852,289.634,290.113,290.852,170,4.4,4.4,1.6,81,17
2025102407,,,,,,,,,,,,,,,,,,,,,,,,,,,,,,,,,,,,
2025102408,,,,,,,,,,,,,,,,,,,,,,,,,,,,,,,,,,,,
2025102409,,,,,,,287.51,,,,,,,281.34,1.32,2.66853,0.8,1,1.5,1888,2048,2200,287.68,1.34,,,,,,,170,5.6,5.6,1.2,89,8
2025102410,,,,,,,,,,,,,,,,,,,,,,,,,,,,,,,,,,,,
2025102411,,,,,,,,,,,,,,,,,,,,,,,,,,,,,,,,,,,,
2025102412,,,5.583,,,5.583,287.31,0,0,0,0,0,0,281.65,1.57,2.24734,0.8,1,1.5,2032,2232,2344,287.5,1.59,,,,,,,180,5.6,5.6,1.2,92,5
2025102413,,,,,,,,,,,,,,,,,,,,,,,,,,,,,,,,,,,,
2025102414,,,,,,,,,,,,,,,,,,,,,,,,,,,,,,,,,,,,
2025102415,,,,,,,286.39,,,,,,,283.93,1.02,2.43008,1,1.3,1.6,2184,2288,2384,286.61,1.02,,,,,,,180,4.8,4.81475,1.29912,95,6
2025102416,,,,,,,,,,,,,,,,,,,,,,,,,,,,,,,,,,,,
2025102417,,,,,,,,,,,,,,,,,,,,,,,,,,,,,,,,,,,,
2025102418,,,17.8,,,17.8,286.03,0,0,0,0,0,0,285.19,0.81,2.39684,1.2,1.5,1.7,2104,2288,2400,286.18,1.18,,,,,,,190,4.4,4.03414,1.33162,95,5
2025102419,,,,,,,,,,,,,,,,,,,,,,,,,,,,,,,,,,,,
2025102420,,,,,,,,,,,,,,,,,,,,,,,,,,,,,,,,,,,,
2025102421,,,,,,,287.09,,,,,,,285.96,0.88,2.70294,1.5,1.7,2,1952,2080,2256,286.87,1.62,,,,,,,180,4.4,4.40723,1.69811,90,7
2025102422,,,,,,,,,,,,,,,,,,,,,,,,,,,,,,,,,,,,
2025102423,,,,,,,,,,,,,,,,,,,,,,,,,,,,,,,,,,,,
2025102500,,,28.079,,,28.079,286.71,0,0,0,0,0,0,285.44,0.81,2.81768,1.7,2,2.4,1656,1808,2032,286.88,1.21,,,,,,,180,4,4,1.6,90,7
2025102501,,,,,,,,,,,,,,,,,,,,,,,,,,,,,,,,,,,,
2025102502,,,,,,,,,,,,,,,,,,,,,,,,,,,,,,,,,,,,
2025102503,,,,,,,285.92,,,,,,,284.32,0.74,3.14916,2,2.3,2.5,1520,1616,1824,286.12,0.74,,,,,,,180,4.4,4.4,2,82,13
2025102504,,,,,,,,,,,,,,,,,,,,,,,,,,,,,,,,,,,,
2025102505,,,,,,,,,,,,,,,,,,,,,,,,,,,,,,,,,,,,
2025102506,,,,,,,285.52,0,0,0,0,0,0,283.33,0.58,3.50753,2.2,2.5,2.8,1424,1512,1640,285.4,0.57,287.373,287.808,288.879,287.373,287.808,288.879,190,4.8,4.8,2,82,14
2025102507,,,,,,,,,,,,,,,,,,,,,,,,,,,,,,,,,,,,
2025102508,,,,,,,,,,,,,,,,,,,,,,,,,,,,,,,,,,,,
2025102509,,,,,,,284.78,,,,,,,282.18,0.53,3.51399,2.2,2.6,2.8,1328,1472,1624,284.74,0.59,,,,,,,190,4.4,4.4,2,70,18
2025102510,,,,,,,,,,,,,,,,,,,,,,,,,,,,,,,,,,,,
2025102511,,,,,,,,,,,,,,,,,,,,,,,,,,,,,,,,,,,,
2025102512,,,35.976,,,35.976,283.59,0,0,0,0,0,0,281.23,0.71,3.91724,2.2,2.6,2.9,1288,1448,1632,283.65,0.74,,,,,,,160,3.6,3.6,2.4,74,17
2025102513,,,,,,,,,,,,,,,,,,,,,,,,,,,,,,,,,,,,
2025102514,,,,,,,,,,,,,,,,,,,,,,,,,,,,,,,,,,,,
2025102515,,,,,,,280.58,,,,,,,281.06,0.76,3.2606,2.4,2.6,2.9,1296,1416,1552,282.51,0.86,,,,,,,140,3.7,3.68022,1.8225,82,13
2025102516,,,,,,,,,,,,,,,,,,,,,,,,,,,,,,,,,,,,
2025102517,,,,,,,,,,,,,,,,,,,,,,,,,,,,,,,,,,,,
2025102518,,,30.053,,,30.053,283.57,0,0,0,0,0,0,282.18,0.57,3.18795,2.5,2.8,3.1,1264,1376,1528,283.53,0.58,,,,,,,150,4.1,4.08667,2.19616,86,9
2025102519,,,,,,,,,,,,,,,,,,,,,,,,,,,,,,,,,,,,
2025102520,,,,,,,,,,,,,,,,,,,,,,,,,,,,,,,,,,,,
2025102521,,,,,,,284.74,,,,,,,282.57,0.69,3.54557,2.7,2.9,3.2,1256,1352,1464,284.61,1.51,,,,,,,180,5.2,5.2,2.4,80,12
2025102522,,,,,,,,,,,,,,,,,,,,,,,,,,,,,,,,,,,,
2025102523,,,,,,,,,,,,,,,,,,,,,,,,,,,,,,,,,,,,
2025102600,,,22.704,,,22.704,284.51,0,0,0,0,0,0,282.05,0.38,3.64696,2.9,3.1,3.4,1176,1304,1376,284.74,0.71,,,,,,,190,5.2,5.2,2.4,84,8
2025102601,,,,,,,,,,,,,,,,,,,,,,,,,,,,,,,,,,,,
2025102602,,,,,,,,,,,,,,,,,,,,,,,,,,,,,,,,,,,,
2025102603,,,,,,,283.89,,,,,,,280.92,0.61,3.8807,3.1,3.4,3.7,1120,1200,1280,284.15,0.61,,,,,,,180,5.6,5.6,2.4,83,7
2025102604,,,,,,,,,,,,,,,,,,,,,,,,,,,,,,,,,,,,
2025102605,,,,,,,,,,,,,,,,,,,,,,,,,,,,,,,,,,,,
2025102606,,,,,,,283.52,,,,0,0,0,280.58,0.38,3.88171,3.4,3.8,4,1056,1120,1200,283.5,0.39,285.249,286.084,286.639,285.249,286.084,286.639,190,5.6,5.6,2.4,77,24
2025102607,,,,,,,,,,,,,,,,,,,,,,,,,,,,,,,,,,,,
2025102608,,,,,,,,,,,,,,,,,,,,,,,,,,,,,,,,,,,,
2025102609,,,,,,,280.04,,,,,,,280.19,0.8,3.15884,3.7,4,4.2,1008,1064,1136,282.8,0.8,,,,,,,200,5.2,5.2,2,78,21
2025102610,,,,,,,,,,,,,,,,,,,,,,,,,,,,,,,,,,,,
2025102611,,,,,,,,,,,,,,,,,,,,,,,,,,,,,,,,,,,,
2025102612,,,21.504,,,21.504,279.79,0,0,0,0,0,0,279.55,0.37,2.72169,3.9,4.2,4.4,976,1024,1072,281.91,0.56,,,,,,,200,4,4,1.6,81,6
2025102613,,,,,,,,,,,,,,,,,,,,,,,,,,,,,,,,,,,,
2025102614,,,,,,,,,,,,,,,,,,,,,,,,,,,,,,,,,,,,
2025102615,,,,,,,278.21,,,,,,,279.1,0.57,3.22244,4,4.4,4.6,936,1008,1048,280.48,0.57,,,,,,,190,3.7,3.65478,1.74765,83,8
2025102616,,,,,,,,,,,,,,,,,,,,,,,,,,,,,,,,,,,,
2025102617,,,,,,,,,,,,,,,,,,,,,,,,,,,,,,,,,,,,
2025102618,,,,,,,279.99,,,,0,0,0,280.06,0.63,2.33281,4.1,4.3,4.7,928,1000,1056,281.86,0.89,,,,,,,190,3.6,3.64705,1.31661,82,9
2025102619,,,,,,,,,,,,,,,,,,,,,,,,,,,,,,,,,,,,
2025102620,,,,,,,,,,,,,,,,,,,,,,,,,,,,,,,,,,,,
2025102621,,,,,,,283.61,,,,,,,280.65,0.78,2.78026,3.9,4.2,4.4,968,1032,1096,283.47,1.42,,,,,,,200,3.7,3.70108,1.43294,78,7
2025102622,,,,,,,,,,,,,,,,,,,,,,,,,,,,,,,,,,,,
2025102623,,,,,,,,,,,,,,,,,,,,,,,,,,,,,,,,,,,,
2025102700,,,15.36,,,15.36,283.83,0,0,0,0,0,0,280.71,0.75,2.4956,3.8,4.1,4.2,992,1056,1120,283.73,0.98,,,,,,,200,3.2,3.2,1.6,75,14
2025102701,,,,,,,,,,,,,,,,,,,,,,,,,,,,,,,,,,,,
2025102702,,,,,,,,,,,,,,,,,,,,,,,,,,,,,,,,,,,,
2025102703,,,,,,,280.9,,,,,,,280.11,0.74,2.46619,4,4.2,4.4,968,1040,1104,282.66,0.73,,,,,,,190,3.2,3.20167,1.61967,67,24
2025102704,,,,,,,,,,,,,,,,,,,,,,,,,,,,,,,,,,,,
2025102705,,,,,,,,,,,,,,,,,,,,,,,,,,,,,,,,,,,,
2025102706,,,,,,,279.87,,,,0,0,0,279.79,0.84,2.85929,4.1,4.3,4.6,944,1008,1064,281.81,0.86,283.681,284.342,285.552,283.681,284.342,285.552,180,3.6,3.20059,1.60655,66,24
2025102707,,,,,,,,,,,,,,,,,,,,,,,,,,,,,,,,,,,,
2025102708,,,,,,,,,,,,,,,,,,,,,,,,,,,,,,,,,,,,
2025102709,,,,,,,279.35,,,,,,,279.03,0.61,2.82969,4.2,4.5,4.8,904,976,1040,281.41,0.66,,,,,,,190,3.2,3.21281,1.66689,70,18
2025102710,,,,,,,,,,,,,,,,,,,,,,,,,,,,,,,,,,,,
2025102711,,,,,,,,,,,,,,,,,,,,,,,,,,,,,,,,,,,,
2025102712,,,12.579,,,12.579,278.64,0,0,0,0,0,0,278.46,0.83,2.38642,4.2,4.6,5,872,960,1016,280.6,0.86,,,,,,,180,2.9,2.86229,1.34424,72,15
2025102713,,,,,,,,,,,,,,,,,,,,,,,,,,,,,,,,,,,,
2025102714,,,,,,,,,,,,,,,,,,,,,,,,,,,,,,,,,,,,
2025102715,,,,,,,277.79,,,,,,,278.71,0.84,2.3671,4.3,4.7,5.2,864,952,1014,279.82,1.1,,,,,,,190,2.9,2.5317,1.35685,70,18
2025102716,,,,,,,,,,,,,,,,,,,,,,,,,,,,,,,,,,,,
2025102717,,,,,,,,,,,,,,,,,,,,,,,,,,,,,,,,,,,,
2025102718,,,,,,,280.05,,,,0,0,0,279.9,0.75,2.71404,4.2,4.6,5,872,952,1029,281.73,1.04,,,,,,,190,2.8,2.84368,1.70676,63,20
2025102719,,,,,,,,,,,,,,,,,,,,,,,,,,,,,,,,,,,,
2025102720,,,,,,,,,,,,,,,,,,,,,,,,,,,,,,,,,,,,
2025102721,,,,,,,283.8,,,,,,,280.14,0.61,2.34832,4,4.4,4.7,912,1000,1064,283.87,1.2,,,,,,,200,3.1,3.10373,1.4118,64,20
2025102722,,,,,,,,,,,,,,,,,,,,,,,,,,,,,,,,,,,,
2025102723,,,,,,,,,,,,,,,,,,,,,,,,,,,,,,,,,,,,
2025102800,,,9.727,,,9.727,284.17,0,0,0,0,0,0,280.01,0.67,2.86793,3.9,4.2,4.4,952,1024,1097,284.23,0.75,,,,,,,190,2.1,2.10167,1.73974,66,19
2025102801,,,,,,,,,,,,,,,,,,,,,,,,,,,,,,,,,,,,
2025102802,,,,,,,,,,,,,,,,,,,,,,,,,,,,,,,,,,,,
2025102803,,,,,,,281.32,,,,,,,279.21,0.73,3.01726,4,4.2,4.6,944,1008,1083,282.47,0.72,,,,,,,150,2.4,2.03856,2.09959,67,19
2025102804,,,,,,,,,,,,,,,,,,,,,,,,,,,,,,,,,,,,
2025102805,,,,,,,,,,,,,,,,,,,,,,,,,,,,,,,,,,,,
2025102806,,,,,,,279.92,,,,0,0,0,279.03,0.96,3.0573,3.9,4.3,4.7,904,960,1057,281.56,0.97,284.133,284.902,285.775,284.133,284.902,285.775,150,2.4,2.4313,2.09461,68,18
2025102807,,,,,,,,,,,,,,,,,,,,,,,,,,,,,,,,,,,,
2025102808,,,,,,,,,,,,,,,,,,,,,,,,,,,,,,,,,,,,
2025102809,,,,,,,279.46,,,,,,,278.47,1.05,2.92029,3.8,4.3,4.9,872,936,1036,280.95,1.11,,,,,,,140,2.8,2.42735,1.78697,72,13
2025102810,,,,,,,,,,,,,,,,,,,,,,,,,,,,,,,,,,,,
2025102811,,,,,,,,,,,,,,,,,,,,,,,,,,,,,,,,,,,,
2025102812,,,9.822,,,9.822,278.33,0,0,0,0,0,0,277.95,1.03,2.80669,3.7,4.2,4.9,832,912,1036,280.11,1.04,,,,,,,120,2.4,2.43282,1.78427,70,16
2025102813,,,,,,,,,,,,,,,,,,,,,,,,,,,,,,,,,,,,
2025102814,,,,,,,,,,,,,,,,,,,,,,,,,,,,,,,,,,,,
2025102815,,,,,,,277.48,,,,,,,277.74,0.91,2.51396,3.6,4.1,4.8,808,896,1041,279.41,0.98,,,,,,,100,2.5,2.53746,1.484,67,21
2025102816,,,,,,,,,,,,,,,,,,,,,,,,,,,,,,,,,,,,
2025102817,,,,,,,,,,,,,,,,,,,,,,,,,,,,,,,,,,,,
2025102818,,,,,,,280,,,,0,0,0,279.15,0.88,1.99464,3,4,4.6,784,918,1085,281.44,0.95,,,,,,,80,2.5,2.47706,1.38587,62,23
2025102819,,,,,,,,,,,,,,,,,,,,,,,,,,,,,,,,,,,,
2025102820,,,,,,,,,,,,,,,,,,,,,,,,,,,,,,,,,,,,
2025102821,,,,,,,283.7,,,,,,,279.68,0.84,2.40686,2.7,3.6,4.4,864,999,1119,283.88,1.06,,,,,,,50,2.7,2.67561,1.42417,67,12
2025102822,,,,,,,,,,,,,,,,,,,,,,,,,,,,,,,,,,,,
2025102823,,,,,,,,,,,,,,,,,,,,,,,,,,,,,,,,,,,,
2025102900,,,7.749,,,7.749,284.59,0,0,0,0,0,0,279.8,0.89,2.52737,2.3,3.3,4,960,1054,1243,284.32,1.33,,,,,,,50,2.5,2.48233,1.44425,77,15
2025102901,,,,,,,,,,,,,,,,,,,,,,,,,,,,,,,,,,,,
2025102902,,,,,,,,,,,,,,,,,,,,,,,,,,,,,,,,,,,,
2025102903,,,,,,,283.54,,,,,,,278.93,1.13,2.64981,2,3,3.8,936,1073,1276,283.22,1.13,,,,,,,100,2.5,2.53461,1.49883,80,15
2025102904,,,,,,,,,,,,,,,,,,,,,,,,,,,,,,,,,,,,
2025102905,,,,,,,,,,,,,,,,,,,,,,,,,,,,,,,,,,,,
2025102906,,,,,,,281.44,,,,0,0,0,278.64,1.4,3.12404,1.7,2.7,3.7,936,1033,1432,282.97,1.4,284.053,284.808,285.919,284.053,284.808,285.919,90,2.9,2.51456,1.91877,83,12
2025102907,,,,,,,,,,,,,,,,,,,,,,,,,,,,,,,,,,,,
2025102908,,,,,,,,,,,,,,,,,,,,,,,,,,,,,,,,,,,,
2025102909,,,,,,,280.72,,,,,,,278.77,0.67,3.019,1.2,2.7,3.4,928,1208,1830,282.47,1.64,,,,,,,140,2.9,2.89418,1.8663,83,11
2025102910,,,,,,,,,,,,,,,,,,,,,,,,,,,,,,,,,,,,
2025102911,,,,,,,,,,,,,,,,,,,,,,,,,,,,,,,,,,,,
2025102912,,,8.263,,,8.263,280.97,0,0,0,0,0,0,279.1,1.87,4.02913,1,2.2,3.3,896,1320,2059,282.39,2.15,,,,,,,180,2.9,2.89466,2.22358,79,8
2025102913,,,,,,,,,,,,,,,,,,,,,,,,,,,,,,,,,,,,
2025102914,,,,,,,,,,,,,,,,,,,,,,,,,,,,,,,,,,,,
2025102915,,,,,,,279.33,,,,,,,279.05,1.73,3.75006,1.1,2,3.3,904,1432,2273,281.17,1.76,,,,,,,180,3.3,2.94867,2.30629,84,7
2025102916,,,,,,,,,,,,,,,,,,,,,,,,,,,,,,,,,,,,
2025102917,,,,,,,,,,,,,,,,,,,,,,,,,,,,,,,,,,,,
2025102918,,,,,,,281.11,,,,0,0,0,280.29,2.07,2.86898,1,2,3.3,944,1496,2224,282.71,2.13,,,,,,,190,2.9,2.91426,1.48367,77,9
2025102919,,,,,,,,,,,,,,,,,,,,,,,,,,,,,,,,,,,,
2025102920,,,,,,,,,,,,,,,,,,,,,,,,,,,,,,,,,,,,
2025102921,,,,,,,284.74,,,,,,,281.22,1.82,3.18821,1,2.1,3.2,1112,1504,2093,284.93,2.1,,,,,,,190,3.5,3.45023,1.78525,65,21
2025102922,,,,,,,,,,,,,,,,,,,,,,,,,,,,,,,,,,,,
2025102923,,,,,,,,,,,,,,,,,,,,,,,,,,,,,,,,,,,,
2025103000,,,9.424,,,9.424,285.56,0,0,0,0,0,0,280.85,1.59,2.91932,1.2,2.4,3.3,1152,1473,1947,285.37,1.59,,,,,,,180,2.9,2.87147,1.79672,61,32
2025103001,,,,,,,,,,,,,,,,,,,,,,,,,,,,,,,,,,,,
2025103002,,,,,,,,,,,,,,,,,,,,,,,,,,,,,,,,,,,,
2025103003,,,,,,,283.32,,,,,,,280.15,1.16,3.46973,1.5,2.5,3.3,1128,1456,1856,283.49,1.25,,,,,,,160,3.4,3.35164,1.99267,65,25
2025103004,,,,,,,,,,,,,,,,,,,,,,,,,,,,,,,,,,,,
2025103005,,,,,,,,,,,,,,,,,,,,,,,,,,,,,,,,,,,,
2025103006,,,,,,,280.76,,,,0,0,0,279.73,1.56,3.92078,1.5,2.7,3.3,1136,1464,1781,282.98,1.55,284.401,285.897,287.431,284.401,285.897,287.431,170,3.8,3.77743,2.41443,75,16
2025103007,,,,,,,,,,,,,,,,,,,,,,,,,,,,,,,,,,,,
2025103008,,,,,,,,,,,,,,,,,,,,,,,,,,,,,,,,,,,,
2025103009,,,,,,,280.21,,,,,,,279.3,1.84,3.8329,1.7,2.8,3.5,1128,1423,1845,282.34,1.84,,,,,,,180,3.7,3.72238,2.29888,71,18
2025103010,,,,,,,,,,,,,,,,,,,,,,,,,,,,,,,,,,,,
2025103011,,,,,,,,,,,,,,,,,,,,,,,,,,,,,,,,,,,,
2025103012,,,11.831,,,11.831,279.37,0,0,0,0,0,0,278.88,1.93,3.7205,1.9,2.8,3.5,1096,1360,1723,281.41,1.94,,,,,,,190,3.2,3.24452,2.27003,64,22
2025103013,,,,,,,,,,,,,,,,,,,,,,,,,,,,,,,,,,,,
2025103014,,,,,,,,,,,,,,,,,,,,,,,,,,,,,,,,,,,,
2025103015,,,,,,,,,,,,,,,,3.33236,,,,,,,,,,,,,,,,,3.01976,1.88987,,
2025103016,,,,,,,,,,,,,,,,,,,,,,,,,,,,,,,,,,,,
2025103017,,,,,,,,,,,,,,,,,,,,,,,,,,,,,,,,,,,,
2025103018,,,,,,,280.06,,,,0,0,0,279.62,2.03,2.89721,2.2,2.9,3.8,1040,1280,1731,282.02,2.02,,,,,,,170,3.4,3.35718,1.54069,68,22
2025103019,,,,,,,,,,,,,,,,,,,,,,,,,,,,,,,,,,,,
2025103020,,,,,,,,,,,,,,,,,,,,,,,,,,,,,,,,,,,,
2025103021,,,,,,,,,,,,,,,,,,,,,,,,,,,,,,,,,,,,
2025103022,,,,,,,,,,,,,,,,,,,,,,,,,,,,,,,,,,,,
2025103023,,,,,,,,,,,,,,,,,,,,,,,,,,,,,,,,,,,,
2025103100,,,11.577,,,11.577,284.91,0,0,0,0,0,0,280.21,1.41,3.39362,2,3,3.4,1184,1344,1542,285.15,1.41,,,,,,,180,2.9,2.94867,1.88963,74,21
2025103101,,,,,,,,,,,,,,,,,,,,,,,,,,,,,,,,,,,,
2025103102,,,,,,,,,,,,,,,,,,,,,,,,,,,,,,,,,,,,
2025103103,,,,,,,,,,,,,,,,,,,,,,,,,,,,,,,,,,,,
2025103104,,,,,,,,,,,,,,,,,,,,,,,,,,,,,,,,,,,,
2025103105,,,,,,,,,,,,,,,,,,,,,,,,,,,,,,,,,,,,
2025103106,,,,,,,283.04,,,,0,0,0,279.28,1.01,3.58228,1.9,2.7,3.4,1104,1359,1572,283.26,1.02,284.379,285.335,286.836,284.379,285.335,286.836,150,3.4,3.35136,2.37079,81,13
2025103107,,,,,,,,,,,,,,,,,,,,,,,,,,,,,,,,,,,,
2025103108,,,,,,,,,,,,,,,,,,,,,,,,,,,,,,,,,,,,
2025103109,,,,,,,,,,,,,,,,,,,,,,,,,,,,,,,,,,,,
2025103110,,,,,,,,,,,,,,,,,,,,,,,,,,,,,,,,,,,,
2025103111,,,,,,,,,,,,,,,,,,,,,,,,,,,,,,,,,,,,
2025103112,,,12.481,,,12.481,280.14,0,0,0,0,0,0,279.22,1.24,3.61369,1.9,2.4,3.3,1112,1368,1777,282.21,1.23,,,,,,,160,3.7,3.6657,2.24969,76,22
2025103113,,,,,,,,,,,,,,,,,,,,,,,,,,,,,,,,,,,,
2025103114,,,,,,,,,,,,,,,,,,,,,,,,,,,,,,,,,,,,
2025103115,,,,,,,,,,,,,,,,,,,,,,,,,,,,,,,,,,,,
2025103116,,,,,,,,,,,,,,,,,,,,,,,,,,,,,,,,,,,,
2025103117,,,,,,,,,,,,,,,,,,,,,,,,,,,,,,,,,,,,
2025103118,,,,,,,280.21,,,,0,0,0,280.41,1.32,3.64526,1.6,2.4,3,1232,1515,1831,282.39,1.32,,,,,,,170,4.1,4.10353,2.27532,82,5
2025103119,,,,,,,,,,,,,,,,,,,,,,,,,,,,,,,,,,,,
2025103120,,,,,,,,,,,,,,,,,,,,,,,,,,,,,,,,,,,,
2025103121,,,,,,,,,,,,,,,,,,,,,,,,,,,,,,,,,,,,
2025103122,,,,,,,,,,,,,,,,,,,,,,,,,,,,,,,,,,,,
2025103123,,,,,,,,,,,,,,,,,,,,,,,,,,,,,,,,,,,,
2025110100,,,17.304,,,17.304,285.01,0,0,0,0,0,0,282.67,0.93,3.36214,1.5,2.4,2.9,1352,1635,2000,284.99,0.95,,,,,,,190,3.7,3.7409,2.24564,75,23
2025110101,,,,,,,,,,,,,,,,,,,,,,,,,,,,,,,,,,,,
2025110102,,,,,,,,,,,,,,,,,,,,,,,,,,,,,,,,,,,,
2025110103,,,,,,,,,,,,,,,,,,,,,,,,,,,,,,,,,,,,
2025110104,,,,,,,,,,,,,,,,,,,,,,,,,,,,,,,,,,,,
2025110105,,,,,,,,,,,,,,,,,,,,,,,,,,,,,,,,,,,,
2025110106,,,,,,,284.55,,,,0,0,0,281.85,0.5,4.11937,1.6,2.6,2.9,1304,1523,1919,284.55,0.47,283.878,285.474,286.553,283.878,285.474,286.553,180,4.1,4.1351,2.319,82,5
2025110107,,,,,,,,,,,,,,,,,,,,,,,,,,,,,,,,,,,,
2025110108,,,,,,,,,,,,,,,,,,,,,,,,,,,,,,,,,,,,
2025110109,,,,,,,,,,,,,,,,,,,,,,,,,,,,,,,,,,,,
2025110110,,,,,,,,,,,,,,,,,,,,,,,,,,,,,,,,,,,,
2025110111,,,,,,,,,,,,,,,,,,,,,,,,,,,,,,,,,,,,
2025110112,,,21.516,,,21.516,283.54,0,0,0,0,0,0,281.45,0.32,3.52242,1.5,2.6,3.2,1264,1496,2185,283.44,0.57,,,,,,,170,4.5,4.13799,2.24067,81,10
2025110113,,,,,,,,,,,,,,,,,,,,,,,,,,,,,,,,,,,,
2025110114,,,,,,,,,,,,,,,,,,,,,,,,,,,,,,,,,,,,
2025110115,,,,,,,,,,,,,,,,,,,,,,,,,,,,,,,,,,,,
2025110116,,,,,,,,,,,,,,,,,,,,,,,,,,,,,,,,,,,,
2025110117,,,,,,,,,,,,,,,,,,,,,,,,,,,,,,,,,,,,
2025110118,,,,,,,283.61,,,,0,0,0,282.44,1.29,2.8561,1.7,3.2,4.5,1256,1480,2134,283.42,1.27,,,,,,,170,4.1,4.09195,1.50054,83,10
2025110119,,,,,,,,,,,,,,,,,,,,,,,,,,,,,,,,,,,,
2025110120,,,,,,,,,,,,,,,,,,,,,,,,,,,,,,,,,,,,
2025110121,,,,,,,,,,,,,,,,,,,,,,,,,,,,,,,,,,,,
2025110122,,,,,,,,,,,,,,,,,,,,,,,,,,,,,,,,,,,,
2025110123,,,,,,,,,,,,,,,,,,,,,,,,,,,,,,,,,,,,
2025110200,,,18.335,,,18.335,285.91,0,0,0,0,0,0,283.53,1.53,3.07053,1.9,3.2,4.4,1296,1528,2181,285.79,1.52,,,,,,,190,3.7,3.68269,2.28677,73,9
2025110201,,,,,,,,,,,,,,,,,,,,,,,,,,,,,,,,,,,,
2025110202,,,,,,,,,,,,,,,,,,,,,,,,,,,,,,,,,,,,
2025110203,,,,,,,,,,,,,,,,,,,,,,,,,,,,,,,,,,,,
2025110204,,,,,,,,,,,,,,,,,,,,,,,,,,,,,,,,,,,,
2025110205,,,,,,,,,,,,,,,,,,,,,,,,,,,,,,,,,,,,
2025110206,,,,,,,284.85,,,,0,0,0,282.01,1.37,3.72,1.6,3.5,4.7,1240,1488,2209,284.9,1.36,,,,,,,170,4.2,,2.4,77,8
2025110207,,,,,,,,,,,,,,,,,,,,,,,,,,,,,,,,,,,,
2025110208,,,,,,,,,,,,,,,,,,,,,,,,,,,,,,,,,,,,
2025110209,,,,,,,,,,,,,,,,,,,,,,,,,,,,,,,,,,,,
